,Recall@1,Precision@1,Recall@3,Precision@3,Recall@5,Precision@5,MRR
Dense baseline,0.27,0.27,0.3,0.11666666666666665,0.34,0.10199999999999998,0.295
Dense + query expansion,0.28,0.28,0.32,0.13333333333333333,0.34,0.09999999999999998,0.30333333333333334
Hybrid RRF,0.26,0.26,0.33,0.13,0.35,0.102,0.2961666666666667
Hybrid + reranker,0.32,0.32,0.35,0.14666666666666667,0.36,0.11199999999999997,0.33416666666666667
